"Variable","HR","CI_lower","CI_upper","p_value"
"ARMCDVRB",0.0146718789959866,1.00011591448681,1.10896452174359,7.23346937903102e-11
"AGE",1.00607925517039,2.68451811534882,2.787827164232,0.523736062413426
"SEXM",1.73226415844803,2.3924059579091,36.2875246546028,0.117463978102938
