"chisq","df","p_value"
37.4510972023226,1,9.37339539319737e-10
